URL,Nome/Herói,Aparições,Continuou?,Gênero,Status Probatório,Intro,Ano,Anos Ingresso,Honorário/Titular,Primeira Morte?,Primeiro Retorno?,Segunda Morte?,Segundo Retorno?,Terceira Morte?,Terceiro Retorno?,Quarta Morte?,Quarto Retorno?,Quinta Morte?,Quinto Retorno?,Notas,
http://marvel.wikia.com/Henry_Pym_(Earth-616),Hank Pym,1269,SIM,HOMEM,,Set-63,1963,52,Titular,SIM,NÃO,,,,,,,,,Fundido com Ultron em Rage of Ultron Vol. 1. Foi realizado um funeral.,
http://marvel.wikia.com/Janet_van_Dyne_(Earth-616),Janet van Dyne,1165,SIM,MULHER,,Set-63,1963,52,Titular,SIM,SIM,,,,,,,,,Morre na Invasão Secreta V1:I8. Na verdade foi enviado para Microverse posteriormente recuperado,
http://marvel.wikia.com/Anthony_Stark_(Earth-616),Tony Stark,3068,SIM,HOMEM,,Set-63,1963,52,Titular,SIM,SIM,,,,,,,,,"Morte: ""Mais tarde, sob a influência de Immortus, Stark cometeu uma série de atos horríveis e foi morto."" Isso preparou o jovem Tony. Franklin Richards mais tarde o trouxe de volta",
http://marvel.wikia.com/Robert_Bruce_Banner_(Earth-616),Bruce Banner,2089,SIM,HOMEM,,Set-63,1963,52,Titular,SIM,SIM,,,,,,,,,"Morre no arco Fantasmas do Futuro. No entanto, ""ele realmente usou uma base oculta do Panteão para sobreviver""",
http://marvel.wikia.com/Thor_Odinson_(Earth-616),Thor,2402,SIM,HOMEM,,Set-63,1963,52,Titular,SIM,SIM,SIM,NÃO,,,,,,,Morre em “Fear Itself” trazido de volta porque esse é o ponto principal. A segunda morte em Time Runs Out ainda não retornou,
http://marvel.wikia.com/Richard_Jones_(Earth-616),Rick Jones,612,SIM,HOMEM,,Set-63,1963,52,Honorário,NÃO,,,,,,,,,,NA,
http://marvel.wikia.com/Steven_Rogers_(Earth-616),Steve Rogers,3458,SIM,HOMEM,,Mar-64,1964,51,Titular,SIM,SIM,,,,,,,,,Morre no final da Guerra Civil. Mais tarde volta.,
http://marvel.wikia.com/Clint_Barton_(Earth-616),Clint Barton,1456,SIM,HOMEM,,Mai-65,1965,50,Titular,SIM,SIM,SIM,SIM,,,,,,,Morre na explosão do navio Kree em Averngers Vol. 1 Edição 502. Trazido de volta pela Feiticeira Escarlate. Morre novamente em House of M Vol 1 Edição 7. Mais tarde é trazido de volta.,
http://marvel.wikia.com/Pietro_Maximoff_(Earth-616),Pietro Maximoff,769,SIM,HOMEM,,Mai-65,1965,50,Titular,SIM,SIM,,,,,,,,,Morre em House of M Vol 1 Edição 7. Mais tarde volta,
http://marvel.wikia.com/Wanda_Maximoff_(Earth-616),Wanda Maximoff,1214,SIM,MULHER,,Mai-65,1965,50,Titular,SIM,SIM,,,,,,,,,Morre em Uncanny_Avengers_Vol_1_14. Mais tarde volta,
http://marvel.wikia.com/Jacques_Duquesne_(Earth-616),Espadachim,115,NÃO,HOMEM,,Set-65,1965,50,Titular,SIM,SIM,,,,,,,,, Morre em Avengers_Vol_1_130. Trazido de volta pelo Rei do Caos,
http://marvel.wikia.com/Hercules_(Earth-616),Hercules,741,SIM,HOMEM,,Out-67,1967,48,Titular,NÃO,,,,,,,,,,NA,
http://marvel.wikia.com/T%27Challa_(Earth-616),T'Challa,780,NÃO,HOMEM,,Mai-68,1968,47,Titular,NÃO,,,,,,,,,,NA,
http://marvel.wikia.com/Vision_(Earth-616),Visão,1036,SIM,HOMEM,,Nov-68,1968,47,Titular,SIM,SIM,,,,,,,,,Morre em Avengers_Vol_1_500. Eventualmente é reconstruído.,
http://marvel.wikia.com/Dane_Whitman,Cavaleiro Negro,482,NÃO,HOMEM,,Dez-69,1969,46,Titular,NÃO,,,,,,,,,,NA,
http://marvel.wikia.com/Natalia_Romanova_(Earth-616)#,Viuva Negra,1112,SIM,MULHER,,Mai-73,1973,42,Titular,SIM,SIM,,,,,,,,,Morto pela mão. Mais tarde revivido com A Pedra da Casta.,
http://marvel.wikia.com/Mantis_(Earth-616)#,Mantis,160,NÃO,MULHER,,Ago-73,1973,42,Titular,SIM,SIM,,,,,,,,,"Morre em Silver_Surfer_Vol_3_3. Na verdade, “fragmentos de sua essência foram espalhados por todo o universo”",
http://marvel.wikia.com/Henry_McCoy_(Earth-616)#,Fera,1886,NÃO,HOMEM,Jul-75,Set-76,1976,39,Titular,NÃO,,,,,,,,,,NA,
http://marvel.wikia.com/Heather_Douglas_(Earth-616)#,Serpente da Lua,332,NÃO,MULHER,Jul-75,Set-76,1976,39,Titular,SIM,SIM,SIM,SIM,,,,,,,"Morre em Defenders_Vol_1_152. Mais tarde, 'Obteve um novo corpo'. Morre na Aniquilação:_Conquest_Vol_1_3. Volta como ""Como antes"" também já foi chamada de Madame MacEvil porque LOL.",
http://marvel.wikia.com/Patricia_Walker_(Earth-616)#,Felina,557,NÃO,MULHER,Nov-75,Set-76,1976,39,Titular,SIM,SIM,,,,,,,,,Morreu durante o tempo em Defensores. Eventualmente ressuscitado pelo vilão Grim Reaper junto com Mockingbird para lutar contra os Vingadores.,
http://marvel.wikia.com/Matthew_Hawk_(Earth-616)#,Matthew Hawk,197,NÃO,HOMEM,,Ago-75,1975,40,Titular,SIM,SIM,SIM,NÃO,,,,,,,"Morreu durante Return_to_the_Old_West. Ressuscitado por She Hulk em negociação com a Autoridade de Variância Temporal. Como viajante do tempo, ele morreu em 1938. Não voltou",
http://marvel.wikia.com/Robert_Frank_(Earth-616)#,Zumbidor,106,NÃO,HOMEM,Abr-77,Jul-78,1978,37,Titular,SIM,NÃO,,,,,,,,,"Morreu em Vision_and_the_Scarlet_Witch_Vol_1_2. Não retornou, porém ele acabou sendo clonado, mas o clone foi morto imediatamente.",
http://marvel.wikia.com/Simon_Williams_(Earth-616)#,Magnum,692,SIM,HOMEM,Abr-77,Mar-79,1979,36,Titular,SIM,SIM,,,,,,,,,"Morreu em Vingadores_Vol_1_9. Na verdade, apenas em coma mortal.",
http://marvel.wikia.com/Yondu_Udonta_(Earth-691)#,Yondu,109,NÃO,HOMEM,,Fev-78,1978,37,Honorário,NÃO,,,,,,,,,,NA,
http://marvel.wikia.com/Martinex_T%27Naga_(Earth-691)#,Martinex,100,NÃO,HOMEM,,Fev-78,1978,37,Honorário,NÃO,,,,,,,,,,NA,
http://marvel.wikia.com/Charlie-27_(Earth-691)#,Charlie-27,132,NÃO,HOMEM,,Fev-78,1978,37,Honorário,NÃO,,,,,,,,,,NA,
http://marvel.wikia.com/Nicholette_Gold_(Earth-691)#,Nikki,108,NÃO,MULHER,,Fev-78,1978,37,Honorário,NÃO,,,,,,,,,,NA,
http://marvel.wikia.com/Stakar_Ogord_(Earth-691)#,Stakar,100,NÃO,HOMEM,,Fev-78,1978,37,Honorário,NÃO,,,,,,,,,,NA,
http://marvel.wikia.com/Vance_Astro_(Earth-691)#,Vance Astro,156,NÃO,HOMEM,,Fev-78,1978,37,Honorário,NÃO,,,,,,,,,,NA,
http://marvel.wikia.com/Mar-Vell_(Earth-616)#,Mar-Vell,254,NÃO,HOMEM,,Jul-78,1978,37,Titular,SIM,SIM,SIM,SIM,SIM,NÃO,,,,,A moeda ruim do universo Marvel. Morto pela primeira vez na invasão secreta. Revivido durante a guerra do Caos. Morreu novamente durante a mencionada guerra do caos. Ressuscitado pelo Império Kree usando o Cristal æM'Kraan. Terceira morte durante Vingadores vs. X-Men. Não voltou,
http://marvel.wikia.com/Carol_Danvers_(Earth-616)#,Carol Danvers,935,SIM,MULHER,,Abr-79,1979,36,Titular,NÃO,,,,,,,,,,NA,
http://marvel.wikia.com/Samuel_Wilson_(Earth-616)#,Sam Wilson,576,SIM,HOMEM,,Jun-79,1979,36,Titular,NÃO,,,,,,,,,,NA,
http://marvel.wikia.com/Jocasta_(Earth-616)#,Jocasta,141,SIM,MULHER,Jul-80,Nov-88,1988,27,Titular,SIM,SIM,SIM,SIM,SIM,SIM,SIM,SIM,SIM,SIM,"Do artigo dela: Death1: ""Derrotou Ultron e reverteu o processo, deixando Jocasta uma casca estúpida."" Retorno 1: ""Ultron mais tarde reviveu Jocasta com um link remoto ativando o resíduo mental que a Vespa deixou para trás"" Morte 2: ""Sacrificando-se para tentar se matar",
http://marvel.wikia.com/Greer_Nelson_(Earth-616)#,Tigresa,355,SIM,MULHER,,Set-81,1981,34,Titular,NÃO,,,,,,,,,,NA,
http://marvel.wikia.com/Jennifer_Walters_(Earth-616)#,Mulher Hulk,933,SIM,MULHER,,Jul-82,1982,33,Titular,SIM,SIM,,,,,,,,,Morre durante a Saga Red Hulk. Retorna quando Lyra se infiltra na Inteligência e a encontra em estado de choque,
http://marvel.wikia.com/Monica_Rambeau_(Earth-616)#,Monica Rambeau,348,SIM,MULHER,Jan-83,Mai-83,1983,32,Titular,NÃO,,,,,,,,,,NA,
http://marvel.wikia.com/Eros_(Earth-616)#,Eros,206,NÃO,HOMEM,Jun-83,Mai-84,1984,31,Titular,NÃO,,,,,,,,,,NA,
http://marvel.wikia.com/James_Rhodes_(Earth-616)#,James Rhodes,533,NÃO,HOMEM,Mai-84,Set-84,1984,31,Titular,NÃO,,,,,,,,,,NA,
http://marvel.wikia.com/Barbara_Morse_(Earth-616)#,Barbara Barton,374,NÃO,MULHER,Jun-84,Set-84,1984,31,Titular,SIM,SIM,,,,,,,,,"Morto por Mefisto. Depois da Invasão Secreta, descobriu-se que ela estava sendo personificada por um Skrull o tempo todo e estava viva e bem.",
http://marvel.wikia.com/Moira_Brandon_(Earth-616)#,Moira Brandon,2,NÃO,MULHER,,Nov-93,1993,22,Honorário,SIM,NÃO,,,,,,,,,Morreu em sua segunda aparição e ganha o status honorário de Vingador ao fazê-lo. Permanece morto.,
http://marvel.wikia.com/Benjamin_Grimm_(Earth-616)#,Coisa,2305,NÃO,HOMEM,,Jun-86,1986,29,Titular,SIM,SIM,,,,,,,,,Uma vez morto durante uma batalha com o Doutor Destino. Trazido de volta pelo FF quando eles literalmente foram ao céu para buscá-lo.,
http://marvel.wikia.com/Bonita_Juarez_(Earth-616)#,Asa de Fogo,83,NÃO,MULHER,,Set-87,1987,28,Titular,NÃO,,,,,,,,,,NA,
http://marvel.wikia.com/Marc_Spector_(Earth-616)#,Cavaleiro da Lua,402,NÃO,HOMEM,Set-87,Jun-88,1988,27,Titular,NÃO,,,,,,,,,,NA mas ele morreu e voltou para obter seus poderes antes de se juntar aos Vingadores,
http://marvel.wikia.com/John_Walker_(Earth-616)#,Agente Americano,352,NÃO,HOMEM,,Mai-89,1989,26,Titular,NÃO,,,,,,,,,,NA,
http://marvel.wikia.com/Human_Torch_(Android)_(Earth-616)#,Tocha Humana,565,NÃO,HOMEM,,Nov-89,1989,26,Titular,SIM,SIM,,,,,,,,,"Morre durante Novos Invasores. Foi ""revivido como uma arma viva que o Pensador pretendia vender"". Antes de se juntar aos Vingadores, ele morreu duas vezes nos anos 40.",
http://marvel.wikia.com/Miguel_Santos_(Earth-616)#,Relâmpago Vivo,112,NÃO,HOMEM,,Abr-91,1991,24,Titular,NÃO,,,,,,,,,,"Não morreu desde que se juntou aos Vingadores, mas antes de se juntar ele lutou contra os Vingadores da Costa Oeste e aparentemente morreu. Mais tarde apareceu sob o controle de um vilão",
http://marvel.wikia.com/Julia_Carpenter_(Earth-616)#,Julia Carpenter,218,NÃO,MULHER,,Set-92,1992,23,Titular,NÃO,,,,,,,,,,NA,
http://marvel.wikia.com/2ZP45-9-X-51_(Earth-616)#,X-51,149,NÃO,HOMEM,,Jun-92,1992,23,Titular,SIM,SIM,,,,,,,,,"Morreu em Deathlok Vol 2 #5. JK, isso era na verdade apenas um chamariz de modelo de vida",
http://marvel.wikia.com/Chris_Powell_(Earth-616)#,Falcão Negro,168,NÃO,HOMEM,,Mai-93,1993,22,Titular,NÃO,,,,,,,,,,NA,
http://marvel.wikia.com/Namor_McKenzie_(Earth-616)#,Namor,1561,NÃO,HOMEM,,Dez-85,1985,30,Titular,SIM,SIM,,,,,,,,,"Namor foi considerado morto na batalha contra os bárbaros atlantes. Na verdade, sobreviveu e apareceu no Pacífico Sul",
http://marvel.wikia.com/Scott_Lang_(Earth-616)#,Scott Lang,217,NÃO,HOMEM,Jan-87,3-Fev,2003,12,Titular,SIM,SIM,,,,,,,,,"Morreu em Vingadores:_Desmontado. Foi trazido de volta no arco Jovens Vingadores: Cruzada Infantil porque a viagem no tempo, mas acredite, foi realmente muito bem feito.",
http://marvel.wikia.com/Anthony_Druid_(Earth-616)#,Doutor Druida,158,NÃO,HOMEM,,Abr-87,1987,28,Honorário,SIM,SIM,SIM,SIM,,,,,,,"Baleado com respirador e cadáver jogado no lixo. Revivido pelo Grim Reaper. Ajudou os Vingadores a derrotar o Reaper para que seu espírito pudesse permanecer em paz. Mais tarde, completamente revivido pelo Rei do Caos.",
http://marvel.wikia.com/Marrina_Smallwood_(Earth-616)#,Marrina Smallwood,86,NÃO,MULHER,,Dez-87,1987,28,Titular,SIM,SIM,SIM,SIM,,,,,,,Morto por Namor com a Lâmina de Ébano. Retornou quando o Mestre a colocou em um tubo de estatística. A morte 2 foi quando a misericórdia de Namor a matou. Retornado à vida pela segunda vez pelo Rei do Caos.,
http://marvel.wikia.com/Ravonna_Renslayer_(Earth-6311)#,Ravonna,41,NÃO,MULHER,,Mai-88,1988,27,Titular,SIM,SIM,SIM,NÃO,,,,,,,Morto em Vingadores_Vol_1_24. Revivido pelo Grão-Mestre. Morreu em Vingadores:_Forever_Vol_1_3.,
http://marvel.wikia.com/Rita_DeMara_(Earth-616)#,Rita DeMara,68,NÃO,MULHER,,Nov-88,1988,27,Honorário,SIM,SIM,,,,,,,,,Morto pelo Homem de Ferro quando era controlado por Immortus. Revivido durante a guerra do Caos.,
http://marvel.wikia.com/Dennis_Dunphy_(Earth-616)#,Dennis Dunphy,70,NÃO,HOMEM,,Jan-88,1988,27,Titular,SIM,SIM,SIM,NÃO,,,,,,,"Morreu em Captain_America_348. Na verdade, ""Dunphy sobreviveu milagrosamente ao acidente e viveu com uma tribo Inuit."" Segunda morte quando morto por Sharon Carter.  ",
http://marvel.wikia.com/Gilgamesh_(Earth-616)#,Gilgamesh,61,NÃO,HOMEM,,Fev-89,1989,26,Titular,SIM,SIM,,,,,,,,,Morto por Neut que trabalhava para Immortus. Renascer em um novo corpo.,
http://marvel.wikia.com/Reed_Richards_(Earth-616)#,Reed Richards,2125,SIM,HOMEM,,Fev-89,1989,26,Titular,NÃO,,,,,,,,,,NA,
http://marvel.wikia.com/Susan_Storm_(Earth-616)#,Susan Richards,1761,NÃO,HOMEM,,Fev-89,1989,26,Titular,NÃO,,,,,,,,,,NA,
http://marvel.wikia.com/Wendell_Vaughn_(Earth-616)#,Quasar,293,NÃO,HOMEM,,Out-89,1989,26,Titular,SIM,SIM,,,,,,,,,Morto pelo Assassino Cósmico. Na verdade se transformou em um ser composto de pura energia.,
http://marvel.wikia.com/Ashley_Crawford_(Earth-616)#,Grande Bertha,36,SIM,MULHER,,Jul-89,1989,26,Titular,NÃO,,,,,,,,,,NA,
http://marvel.wikia.com/Dinah_Soar_(Earth-616)#,Dinah Soar,22,NÃO,MULHER,,Jul-89,1989,26,Titular,SIM,NÃO,,,,,,,,,Morreu em Great_Lakes_Avengers_Vol_1_1. Não voltou,
http://marvel.wikia.com/DeMarr_Davis_(Earth-616)#,Porteiro,31,SIM,HOMEM,,Jul-89,1989,26,Titular,SIM,SIM,,,,,,,,,Sacrificou-se para que o Sr. Immortal pudesse deter o vilão Maelstrom. Retornou como o Anjo da Morte.,
http://marvel.wikia.com/Val_Ventura_(Earth-616)#,Homem Plano,34,SIM,HOMEM,,Jul-89,1989,26,Titular,NÃO,,,,,,,,,,NA,
http://marvel.wikia.com/Craig_Hollis_(Earth-616)#,Senhor Imortal ,33,SIM,HOMEM,,Jul-89,1989,26,Titular,NÃO,,,,,,,,,,Cristo, where to begin. His superpower is that he cannot die when he dies he immediately comes back. The Wikia inventories 24 deaths. These will be excluded from the analysis. 
http://marvel.wikia.com/Gene_Lorrene_(Earth-616)#,Gene Lorrene,4,NÃO,HOMEM,,5-Abr,2005,10,Titular,NÃO,,,,,,,,,,NA,
http://marvel.wikia.com/Doreen_Green_(Earth-616)#,Garota Esquilo,47,NÃO,MULHER,,5-Mai,2005,10,Titular,NÃO,,,,,,,,,,NA,
http://marvel.wikia.com/Monkey_Joe_(Earth-616)#,Monkey Joe,7,NÃO,HOMEM,,5-Mai,2005,10,Titular,SIM,NÃO,,,,,,,,,Morto por Leather Boy,
http://marvel.wikia.com/Doug_Taggert_(Earth-616)#,Gafanhoto,3,NÃO,HOMEM,,5-Mai,2005,10,Titular,SIM,NÃO,,,,,,,,,Acidentalmente morto por Zaran,
http://marvel.wikia.com/Tippy-Toe_(Earth-616)#,Ponta do pé ,16,NÃO,MULHER,,5-Jul,2005,10,Titular,NÃO,,,,,,,,,,NA,
http://marvel.wikia.com/Wade_Wilson_(Earth-616)#,Wade Wilson,575,NÃO,HOMEM,,7-Set,2007,8,Titular,SIM,NÃO,,,,,,,,,"Morreu durante a incursão. Nunca fica particularmente claro se ele alguma vez se juntou a uma equipe dos Vingadores além de um problema, então sua inclusão aqui é, na melhor das hipóteses, ilusória.. ",
http://marvel.wikia.com/Greg_Willis_(Earth-616)#,Gravidade,58,NÃO,HOMEM,,9-Ago,2009,6,Titular,NÃO,,,,,,,,,,Morreu no Battleworld e voltou antes de se juntar aos Vingadores,
http://marvel.wikia.com/Sersi_(Earth-616)#,Circe,237,NÃO,MULHER,,Fev-90,1990,25,Titular,NÃO,,,,,,,,,,NA,
http://marvel.wikia.com/Peter_Parker_(Earth-616)#,Peter Parker,4333,SIM,HOMEM,,Abr-90,1990,25,Titular,SIM,SIM,SIM,SIM,,,,,,,"Desde que se juntou aos Novos Vingadores: Primeira morte morta por Morlun. Ressuscitado em um corpo totalmente novo. Morreu em Amazing Spider-Man #700. Eventualmente, infestado em seu corpo que Octavious roubou e depois assumiu novamente.",
http://marvel.wikia.com/Walter_Newell_(Earth-616)#,Arraia,126,NÃO,HOMEM,,Jul-90,1990,25,Titular,NÃO,,,,,,,,,,NA,
http://marvel.wikia.com/Elvin_Haliday_(Earth-616)#,Rage,158,NÃO,HOMEM,Fev-91,,1900,115,Probationary,NÃO,,,,,,,,,,NA,
http://marvel.wikia.com/William_Baker_(Earth-616)#,Homem-Areia ,355,NÃO,HOMEM,Fev-91,,1900,115,Probationary,SIM,SIM,NÃO,,,,,,,,Morreu em Identity_Disc_Vol_1_1. Mais tarde foi revelado que estava vivo e trabalhando junto com o Abutre.,
http://marvel.wikia.com/Crystalia_Amaquelin_(Earth-616)#,Crystal,517,NÃO,MULHER,Ago-91,Jan-92,1992,23,Titular,NÃO,,,,,,,,,,NA,
http://marvel.wikia.com/Eric_Masterson_(Earth-616)#,Eric Masterson,202,NÃO,HOMEM,,Jan-92,1992,23,Titular,SIM,SIM,SIM,NÃO,,,,,,,"Ficou possuído e morreu para se livrar da corrupção. Revivido como servo Vingador morto-vivo do Grim Reaper. Retornado ao mundo espiritual pela Feiticeira Escarlate. Desde então, permaneceu morto.",
http://marvel.wikia.com/Philip_Javert_(Earth-921)#,Phillip Javert,31,NÃO,HOMEM,,Dez-92,1992,23,Honorário,NÃO,,,,,,,,,,NA,
http://marvel.wikia.com/Melissa_Darrow_(Earth-9201)#,Melissa Darrow,28,NÃO,MULHER,,Jun-93,1993,22,Honorário,NÃO,,,,,,,,,,NA,
http://marvel.wikia.com/Deathcry_(Earth-616)#,Deathcry,50,NÃO,MULHER,,Jul-93,1993,22,Honorário,SIM,SIM,SIM,NÃO,,,,,,,Reduziu-a a uma pilha de ossos e órgãos por Vargas. Trazido de volta pelo Rei do Caos. Morreu pela segunda vez em Chaos_War:_Dead_Avengers_Vol_1_3,
http://marvel.wikia.com/Anthony_Stark_(Earth-96020)#,Anthony Edward Stark,27,NÃO,HOMEM,,Fev-96,1996,19,Titular,SIM,NÃO,,,,,,,,,Fundiu-se com  616 Tony Stark,
http://marvel.wikia.com/Giuletta_Nefaria_(Masque)_(Earth-616)#,Giulietta Nefaria,18,NÃO,MULHER,,Abr-96,1996,19,Honorário,SIM,NÃO,,,,,,,,,"Whitney morto era um clone, possivelmente esta encarnação de Masque'",
http://marvel.wikia.com/Vance_Astrovik_(Earth-616)#,Justiça,302,NÃO,HOMEM,,Mai-98,1998,17,Titular,NÃO,,,,,,,,,,NA,
http://marvel.wikia.com/Angelica_Jones_(Earth-616)#,Firestar ,330,NÃO,MULHER,,Mai-98,1998,17,Titular,NÃO,,,,,,,,,,NA,
http://marvel.wikia.com/Delroy_Garrett_Jr._(Earth-616)#,Delroy Garrett,101,NÃO,HOMEM,,Abr-00,2000,15,Titular,NÃO,,,,,,,,,,NA,
http://marvel.wikia.com/Maria_de_Guadalupe_Santiago_(Earth-616)#,Silverclaw,43,NÃO,MULHER,,Jul-00,2000,15,Titular,NÃO,,,,,,,,,,NA,
http://marvel.wikia.com/Jonathan_Hart_(Earth-616)#,Valete de Copas,126,NÃO,HOMEM,,1-Ago,2001,14,Titular,SIM,SIM,SIM,SIM,,,,,,,Morreu pela primeira vez em uma explosão de energia zero no espaço. O corpo foi aparentemente reanimado pela Feiticeira Escarlate. Explodiu abruptamente matando Scott Lang também. Segundo retorno em Marvel_Zombies_Supreme_Vol_1_2.,
http://marvel.wikia.com/Kelsey_Leigh_(Earth-616)#,Shorr,24,NÃO,MULHER,,4-Jun,2004,11,Titular,NÃO,,,,,,,,,,NA,
http://marvel.wikia.com/Luke_Cage_(Earth-616)#,Luke Cage,886,SIM,HOMEM,,5-Mar,2005,10,Titular,NÃO,,,,,,,,,,NA,
http://marvel.wikia.com/Veranke_(Earth-616)#,Veranke,159,NÃO,MULHER,,5-Mar,2005,10,Titular,SIM,NÃO,,,,,,,,,Morto por Norman Osbourne. Não voltou.,
http://marvel.wikia.com/James_Howlett_(Earth-616)#,Logan,3130,SIM,HOMEM,,5-Jun,2005,10,Titular,SIM,NÃO,,,,,,,,,Morreu em Death_of_Wolverine_Vol_1_4. Ainda não voltou,
http://marvel.wikia.com/Robert_Reynolds_(Earth-616)#,Robert Reynolds,241,NÃO,HOMEM,,5-Out,2005,10,Titular,SIM,SIM,,,,,,,,,Morreu durante Seige. Trazido de volta à vida pelos gêmeos do Apocalipse como um cavaleiro da morte em Uncanny_Avengers_Vol_1_9.,
http://marvel.wikia.com/Maya_Lopez_(Earth-616)#,Maya Lopez,67,NÃO,MULHER,,5-Nov,2005,10,Titular,SIM,SIM,SIM,NÃO,,,,,,,"A primeira morte 'foi assassinada em uma briga com Elektra'. ""Revivido por Elektra e a Mão com sua magia negra."" Morreu na versão mais recente de Moon Knight ainda não retornou.",
http://marvel.wikia.com/Nathaniel_Richards_(Iron_Lad)_(Earth-6311)#,Nathaniel Richards,23,NÃO,HOMEM,,5-Abr,2005,10,Titular,NÃO,,,,,,,,,,"NA é na verdade Kang, mas não vamos lá.",
http://marvel.wikia.com/Elijah_Bradley_(Earth-616)#,Elijah Bradley,103,NÃO,HOMEM,,5-Abr,2005,10,Titular,NÃO,,,,,,,,,,NA,
http://marvel.wikia.com/William_Kaplan_(Earth-616)#,Billy Kaplan,123,SIM,HOMEM,,5-Abr,2005,10,Titular,NÃO,,,,,,,,,,NA,
http://marvel.wikia.com/Dorrek_VIII_(Earth-616)#,Dorrek VIII,110,SIM,HOMEM,,5-Abr,2005,10,Titular,NÃO,,,,,,,,,,NA,
http://marvel.wikia.com/Cassandra_Lang_(Earth-616)#,Cassie Lang,160,NÃO,MULHER,,5-Jun,2005,10,Titular,SIM,SIM,,,,,,,,,Morre em Jovens Vingadores: A Cruzada das Crianças quando é morta por Doom. Eventualmente renasceu anos depois.,
http://marvel.wikia.com/Katherine_Bishop_(Earth-616)#,Kate Bishop,132,SIM,MULHER,,5-Jun,2005,10,Titular,NÃO,,,,,,,,,,NA,
http://marvel.wikia.com/Vision_(Jonas)_(Earth-616)#,Visão,121,NÃO,HOMEM,,6-Fev,2006,9,Titular,SIM,NÃO,,,,,,,,,Morre em Jovens Vingadores: A Cruzada das Crianças.,
http://marvel.wikia.com/Thomas_Shepherd_(Earth-616)#,Tommy Shepherd,59,SIM,HOMEM,,6-Jun,2006,9,Titular,NÃO,,,,,,,,,,NA,
http://marvel.wikia.com/Daniel_Rand_(Earth-616)#,Rand K'ai,629,NÃO,HOMEM,,7-Fev,2007,8,Titular,NÃO,,,,,,,,,,NA,
http://marvel.wikia.com/Stephen_Strange_(Earth-616)#,Doctor Strange,1324,NÃO,HOMEM,,7-Fev,2007,8,Titular,NÃO,,,,,,,,,,NA,
http://marvel.wikia.com/Ares_(Earth-616)#,Ares,236,NÃO,HOMEM,,7-Mar,2007,8,Titular,SIM,SIM,SIM,NÃO,,,,,,,Rasgado ao meio pelo Sentinela durante o Seige. Revivido durante Chaos King. Então morto pelo Chaos King.,
http://marvel.wikia.com/James_Buchanan_Barnes_(Earth-616)#,Bucky Barnes,663,NÃO,HOMEM,,8-Dez,2008,7,Titular,NÃO,,,,,,,,,,NA,
http://marvel.wikia.com/Jessica_Drew_(Earth-616)#,Jessica Drew,525,SIM,MULHER,,8-Dez,2008,7,Titular,NÃO,,,,,,,,,,NA,
http://marvel.wikia.com/Jessica_Jones_(Earth-616)#,Jessica Jones,205,SIM,MULHER,,10-Ago,2010,5,Titular,NÃO,,,,,,,,,,NA,
http://marvel.wikia.com/Amadeus_Cho_(Earth-616)#,Amadeus Cho,108,NÃO,HOMEM,,9-Dez,2009,6,Titular,NÃO,,,,,,,,,,NA,
http://marvel.wikia.com/Maria_Hill_(Earth-616)#,Maria Hill,359,SIM,MULHER,,10-Mai,2010,5,Titular,NÃO,,,,,,,,,,NA,
http://marvel.wikia.com/Robert_Baldwin_(Earth-616)#,Robbie Baldwin,299,NÃO,HOMEM,,10-Jun,2010,5,Titular,NÃO,,,,,,,,,,NA,
http://marvel.wikia.com/Sharon_Carter_(Earth-616)#,Sharon Carter,333,NÃO,MULHER,,10-Mai,2010,5,Titular,SIM,SIM,,,,,,,,,"Morreu em Captain_America_Vol_7_10. Não está claro como ela sobreviveu, mas sim, ela sobreviveu totalmente.",
http://marvel.wikia.com/Eric_O%27Grady_(Earth-616)#,Eric O'Grady,88,NÃO,HOMEM,,10-Mai,2010,5,Titular,SIM,NÃO,,,,,,,,,Morreu em Secret_Avengers_Vol_1_22. ,
http://marvel.wikia.com/Brunnhilde_(Earth-616)#,Brunnhilde,369,NÃO,MULHER,,10-Mai,2010,5,Titular,NÃO,,,,,,,,,,NA mas morreu/voltou durante o Ragnarok antes de se tornar um Vingador,
http://marvel.wikia.com/Richard_Rider_(Earth-616)#,Richard Rider,380,NÃO,HOMEM,,10-Mai,2010,5,Titular,SIM,NÃO,,,,,,,,,Morreu em Guardians_of_the_Galaxy_Vol_3_20.,
http://marvel.wikia.com/Brian_Braddock_(Earth-616)#,Brian Braddock,545,NÃO,HOMEM,,10-Mai,2010,5,Titular,NÃO,,,,,,,,,,NA,
http://marvel.wikia.com/Dennis_Sykes_(Earth-616)#,Dennis Sykes,6,NÃO,HOMEM,,10-Set,2010,5,Titular,SIM,NÃO,,,,,,,,,Morreu em Heroic_Age:_One_Month_to_Live_Vol_1_5 continua morto,
http://marvel.wikia.com/Noh-Varr_(Earth-616)#,Noh-Varr,126,SIM,HOMEM,,10-Jun,2010,5,Titular,NÃO,,,,,,,,,,NA,
http://marvel.wikia.com/Thaddeus_Ross_(Earth-616)#,Thaddeus Ross,417,NÃO,HOMEM,,11-Jun,2011,4,Titular,SIM,SIM,,,,,,,,,Morreu no arco do Círculo dos Quatro. Fiz um acordo com Mephisto e voltei.,
http://marvel.wikia.com/John_Aman_(Earth-616)#,John Aman,31,SIM,HOMEM,,10-Dez,2010,5,Titular,NÃO,,,,,,,,,,NA,
http://marvel.wikia.com/Shang-Chi_(Earth-616)#,Shang-Chi,310,SIM,HOMEM,,11-Abr,2011,4,Titular,NÃO,,,,,,,,,,NA,
http://marvel.wikia.com/James_Santini_(Earth-616)#,James Santini,40,SIM,HOMEM,,,1900,115,Academy,NÃO,,,,,,,,,,NA,
http://marvel.wikia.com/Emery_Schaub_(Earth-616)#,Emery Schaub,26,SIM,HOMEM,,,1900,115,Academy,NÃO,,,,,,,,,,NA,
http://marvel.wikia.com/Jeanne_Foucault_(Earth-616)#,Jeanne Foucault,63,SIM,MULHER,,10-Ago,2010,5,Academy,NÃO,,,,,,,,,,NA,
http://marvel.wikia.com/Fiona_(Inhuman)_(Earth-616)#,Fiona,2,SIM,MULHER,,,1900,115,Academy,NÃO,,,,,,,,,,NA,
http://marvel.wikia.com/Jennifer_Takeda_(Earth-616)#,Jennifer Takeda,73,SIM,MULHER,,10-Ago,2010,5,Academy,NÃO,,,,,,,,,,NA,
http://marvel.wikia.com/Hollow_(Earth-616)#,Yvette,22,SIM,MULHER,,,1900,115,Academy,NÃO,,,,,,,,,,NA,
http://marvel.wikia.com/Julie_Power_(Earth-616)#,Julie Power,153,SIM,MULHER,,,1900,115,Academy,NÃO,,,,,,,,,,NA,
http://marvel.wikia.com/Alani_Ryan_(Earth-616)#,Alani Ryan,73,SIM,MULHER,,,1900,115,Academy,NÃO,,,,,,,,,,NA,
http://marvel.wikia.com/Ken_Mack_(Earth-616)#,Ken Mack,59,NÃO,HOMEM,,10-Ago,2010,5,Academy,SIM,NÃO,,,,,,,,,Morreu em Murderworld durante Avengers Arena,
http://marvel.wikia.com/Humberto_Lopez_(Earth-616)#,Humberto Lopez,66,SIM,HOMEM,,10-Ago,2010,5,Academy,SIM,NÃO,,,,,,,,,Morreu em Murderworld durante Avengers Arena,
http://marvel.wikia.com/Johnathon_Gallo_(Earth-616)#,Johnny Gallo,43,SIM,HOMEM,,,1900,115,Academy,NÃO,,,,,,,,,,NA,
http://marvel.wikia.com/Lyra_(Earth-8009)#,Lyra,55,SIM,MULHER,,,1900,115,Academy,NÃO,,,,,,,,,,NA,
http://marvel.wikia.com/Anya_Corazon_(Earth-616)#,Anya Corazon,108,SIM,MULHER,,,1900,115,Academy,NÃO,,,,,,,,,,NA,
http://marvel.wikia.com/Brandon_Sharpe_(Earth-616)#,Brandon Sharpe,64,SIM,HOMEM,,10-Ago,2010,5,Academy,NÃO,,,,,,,,,,NA,
http://marvel.wikia.com/Kevin_Masterson_(Earth-616)#,Kevin Masterson,62,SIM,HOMEM,,,1900,115,Academy,NÃO,,,,,,,,,,NA,
http://marvel.wikia.com/Michiko_Musashi_(Earth-616)#,Michiko Musashi,94,SIM,MULHER,,,1900,115,Academy,NÃO,,,,,,,,,,NA,
http://marvel.wikia.com/Takashi_Matsuya_(Earth-616)#,Taki Matsuya,18,SIM,HOMEM,,,1900,115,Academy,NÃO,,,,,,,,,,NA,
http://marvel.wikia.com/Daisy_Johnson_(Earth-616)#,Daisy Johnson,81,NÃO,MULHER,,12-Jan,2012,3,Titular,NÃO,,,,,,,,,,NA,
http://marvel.wikia.com/Ororo_Munroe_(Earth-616)#,Ororo Munroe,1598,NÃO,MULHER,,12-Jan,2012,3,Titular,NÃO,,,,,,,,,,NA,
http://marvel.wikia.com/Matthew_Murdock_(Earth-616)#,Matt Murdock,1375,NÃO,HOMEM,,11-Nov,2011,4,Titular,NÃO,,,,,,,,,,NA,
http://marvel.wikia.com/Eugene_Thompson_(Earth-616)#,Flash Thompson,746,SIM,HOMEM,,12-Abr,2012,3,Honorário,NÃO,,,,,,,,,,NA,
http://marvel.wikia.com/Otto_Octavius_(Earth-616)#,Otto Octavius,561,NÃO,HOMEM,,13-Jan,2013,2,Titular,SIM,NÃO,,,,,,,,,Morreu em Superior_Spider-Man_Vol_1_30. ,
http://marvel.wikia.com/Alexander_Summers_(Earth-616)#,Alex Summers,592,SIM,HOMEM,,12-Dez,2012,3,Titular,NÃO,,,,,,,,,,NA,
http://marvel.wikia.com/Samuel_Guthrie_(Earth-616)#,Samuel Guthrie,679,SIM,HOMEM,,13-Fev,2013,2,Titular,NÃO,,,,,,,,,,NA,
http://marvel.wikia.com/Roberto_da_Costa_(Earth-616)#,Roberto da Costa,491,SIM,HOMEM,,13-Fev,2013,2,Titular,NÃO,,,,,,,,,,NA,
http://marvel.wikia.com/Eden_Fesi_(Earth-616)#,Eden Fesi,65,SIM,HOMEM,,13-Fev,2013,2,Titular,NÃO,,,,,,,,,,NA,
http://marvel.wikia.com/Captain_Universe_(Earth-616)#,Capitão Universo,55,SIM,HOMEM,,13-Fev,2013,2,Titular,NÃO,,,,,,,,,,NA,
http://marvel.wikia.com/Isabel_Kane_(Earth-616)#,Izzy Kane,44,SIM,MULHER,,13-Fev,2013,2,Titular,NÃO,,,,,,,,,,NA,
http://marvel.wikia.com/Marcus_Milton_(Earth-13034)#,Marcus Milton,65,SIM,HOMEM,,13-Fev,2013,2,Titular,SIM,NÃO,,,,,,,,,Morreu em New_Avengers_Vol_3_32. ,
http://marvel.wikia.com/Rogue_(Anna_Marie)_(Earth-616)#,Anna Marie,877,SIM,MULHER,,13-Abr,2013,2,Titular,NÃO,,,,,,,,,,NA,
http://marvel.wikia.com/Shiro_Yoshida_(Earth-616)#,Shiro Yoshida,176,SIM,HOMEM,,13-Mai,2013,2,Titular,SIM,SIM,,,,,,,,,Morreu em Uncanny_Avengers_Vol_1_22. Retornou quando ‘ele foi capaz de usar seu poder para transformar seu corpo em um estado de pura energia’,
http://marvel.wikia.com/Ex_Nihilo_(Earth-616)#,Ex Nihilo,24,SIM,HOMEM,,13-Out,2013,2,Titular,SIM,NÃO,,,,,,,,,Morreu em New_Avengers_Vol_3_32,
http://marvel.wikia.com/Abyss_(Ex_Nihilo%27s)_(Earth-616)#,Abyss,25,SIM,MULHER,,13-Out,2013,2,Titular,SIM,NÃO,,,,,,,,,Morreu em New_Avengers_Vol_3_32,
http://marvel.wikia.com/Nightmask_(Earth-616)#,Adam,35,SIM,HOMEM,,13-Out,2013,2,Titular,SIM,NÃO,,,,,,,,,Morreu em New_Avengers_Vol_3_32,
http://marvel.wikia.com/Kevin_Connor_(Earth-616)#,Kevin Kale Connor,44,SIM,HOMEM,,13-Out,2013,2,Titular,SIM,NÃO,,,,,,,,,Morreu em New_Avengers_Vol_3_32,
http://marvel.wikia.com/Sam_Alexander_(Earth-616)#,Sam Alexander,78,SIM,HOMEM,,15-Fev,2015,0,Honorário,NÃO,,,,,,,,,,NA,
http://marvel.wikia.com/America_Chavez_(Earth-616)#,America Chavez,22,SIM,MULHER,,13-Jul,2013,2,Titular,NÃO,,,,,,,,,,NA,
http://marvel.wikia.com/Loki_Laufeyson_(Ikol)_(Earth-616)#,Loki Laufeyson,77,NÃO,HOMEM,,13-Jul,2013,2,Titular,NÃO,,,,,,,,,,NA,
http://marvel.wikia.com/David_Alleyne_(Earth-616)#,David Alleyne,115,SIM,HOMEM,,13-Set,2013,2,Titular,NÃO,,,,,,,,,,NA,
"http://marvel.wikia.com/Nicholas_Fury,_Jr._(Earth-616)#",Nick Fury,77,SIM,HOMEM,,13-Abr,2013,2,Titular,NÃO,,,,,,,,,,NA,
http://marvel.wikia.com/Phillip_Coulson_(Earth-616)#,Phillip Coulson,69,SIM,HOMEM,,13-Abr,2013,2,Titular,NÃO,,,,,,,,,,NA,
http://marvel.wikia.com/Tony_Masters_(Earth-616)#,Tony Masters,173,NÃO,HOMEM,,13-Mai,2013,2,Titular,NÃO,,,,,,,,,,NA,
http://marvel.wikia.com/Victor_Mancha_(Earth-616)#,Victor Mancha,75,SIM,HOMEM,,13-Set,2013,2,Titular,SIM,SIM,,,,,,,,,Morreu em Avengers_A.I._Vol_1_4. Retornou em Avengers_A.I._Vol_1_9. ,
http://marvel.wikia.com/Monica_Chang_(Earth-616)#,Monica Chang,12,SIM,MULHER,,13-Set,2013,2,Titular,NÃO,,,,,,,,,,NA,
http://marvel.wikia.com/Doombot_(Avenger)_(Earth-616)#,Doombot,14,SIM,HOMEM,,13-Set,2013,2,Titular,NÃO,,,,,,,,,,NA,
http://marvel.wikia.com/Alexis_(Earth-616)#,Alexis,13,SIM,MULHER,,13-Nov,2013,2,Titular,NÃO,,,,,,,,,,NA,
http://marvel.wikia.com/Eric_Brooks_(Earth-616)#,Eric Brooks,198,SIM,HOMEM,,13-Nov,2013,2,Titular,NÃO,,,,,,,,,,NA,
http://marvel.wikia.com/Adam_Brashear_(Earth-616)#,Adam Brashear,29,SIM,HOMEM,,14-Jan,2014,1,Titular,NÃO,,,,,,,,,,NA,
http://marvel.wikia.com/Victor_Alvarez_(Earth-616)#,Victor Alvarez,45,SIM,HOMEM,,14-Jan,2014,1,Titular,NÃO,,,,,,,,,,NA,
http://marvel.wikia.com/Ava_Ayala_(Earth-616)#,Ava Ayala,49,SIM,MULHER,,14-Jan,2014,1,Titular,NÃO,,,,,,,,,,NA,
http://marvel.wikia.com/Kaluu_(Earth-616)#,Kaluu,35,SIM,HOMEM,,15-Jan,2015,0,Titular,NÃO,,,,,,,,,,NA,
